id;doc_content;created_date;modified_date
1;../data/blob/hipster.txt;2019-07-22;2019-07-22
2;../data/blob/hipster.txt;2019-07-22;2019-07-22
3;../data/blob/hipster.txt;2019-07-22;2019-07-22
4;../data/blob/hipster.txt;2019-07-22;2019-07-22
5;../data/blob/hipster.txt;2019-07-22;2019-07-22
6;../data/blob/hipster.txt;2019-07-22;2019-07-22
7;../data/blob/hipster.txt;2019-07-22;2019-07-23
8;../data/blob/hipster.txt;2019-07-22;2019-07-22
9;../data/blob/hipster.txt;2019-07-22;2019-07-22
10;../data/blob/hipster.txt;2019-07-22;2019-07-22
